{"cameraMode":{"drawMode":0,"name":"Shaded","section":"Shading Mode"},"sceneLighting":false,"audioPlay":false,"sceneViewState":{"showFog":true,"showMaterialUpdate":false,"showSkybox":false,"showFlares":true,"showImageEffects":true,"showParticleSystems":true},"in2DMode":false,"pivot":{"x":0.9120498895645142,"y":0.8830478191375732,"z":-6.406746864318848},"rotation":{"x":0.07533224672079086,"y":0.9246026873588562,"z":-0.2582801282405853,"w":0.26967787742614748},"size":15.639201164245606,"orthographic":true}