{"cameraMode":{"drawMode":0,"name":"Shaded","section":"Shading Mode"},"sceneLighting":false,"audioPlay":false,"sceneViewState":{"showFog":true,"showMaterialUpdate":false,"showSkybox":false,"showFlares":true,"showImageEffects":true,"showParticleSystems":true},"in2DMode":false,"pivot":{"x":-5.960464477539063e-8,"y":0.0,"z":2.9802322387695315e-8},"rotation":{"x":0.22774167358875276,"y":0.7172277569770813,"z":-0.2724257707595825,"w":0.5995851755142212},"size":0.8716545701026917,"orthographic":true}