{"cameraMode":{"drawMode":0,"name":"Shaded","section":"Shading Mode"},"sceneLighting":false,"audioPlay":false,"sceneViewState":{"showFog":true,"showMaterialUpdate":false,"showSkybox":false,"showFlares":true,"showImageEffects":true,"showParticleSystems":true},"in2DMode":false,"pivot":{"x":0.9120473265647888,"y":0.9120478630065918,"z":-2.736151695251465},"rotation":{"x":0.07533224672079086,"y":0.9246026873588562,"z":-0.2582801282405853,"w":0.26967787742614748},"size":5.21306037902832,"orthographic":true}