{"cameraMode":{"drawMode":0,"name":"Shaded","section":"Shading Mode"},"sceneLighting":false,"audioPlay":false,"sceneViewState":{"showFog":true,"showMaterialUpdate":false,"showSkybox":false,"showFlares":true,"showImageEffects":true,"showParticleSystems":true},"in2DMode":false,"pivot":{"x":2.736147403717041,"y":1.1720478534698487,"z":-6.384554386138916},"rotation":{"x":0.3151567280292511,"y":0.653631865978241,"z":-0.34654340147972109,"w":0.59443199634552},"size":21.585847854614259,"orthographic":true}