{"cameraMode":{"drawMode":0,"name":"Shaded","section":"Shading Mode"},"sceneLighting":true,"audioPlay":false,"sceneViewState":{"showFog":true,"showMaterialUpdate":false,"showSkybox":true,"showFlares":true,"showImageEffects":true,"showParticleSystems":true},"in2DMode":false,"pivot":{"x":-0.4544677734375,"y":2.61962890625,"z":-3.6650390625},"rotation":{"x":0.06281250715255737,"y":0.9371671676635742,"z":-0.23919625580310822,"w":0.24609467387199403},"size":10.595280647277832,"orthographic":true}