{"cameraMode":{"drawMode":0,"name":"Shaded","section":"Shading Mode"},"sceneLighting":false,"audioPlay":false,"sceneViewState":{"showFog":true,"showMaterialUpdate":false,"showSkybox":false,"showFlares":true,"showImageEffects":true,"showParticleSystems":true},"in2DMode":false,"pivot":{"x":-2.9802322387695315e-8,"y":0.0,"z":1.4901161193847657e-8},"rotation":{"x":0.14824619889259339,"y":0.6078970432281494,"z":-0.11684631556272507,"w":0.7712535262107849},"size":3.4005637168884279,"orthographic":true}